<?xml version="1.0" encoding="UTF-8"?>
<project-private xmlns="http://www.netbeans.org/ns/project-private/1">
    <editor-bookmarks xmlns="http://www.netbeans.org/ns/editor-bookmarks/2" lastBookmarkId="0"/>
    <open-files xmlns="http://www.netbeans.org/ns/projectui-open-files/2">
        <group>
            <file>file:/C:/Users/User/Desktop/Java-AppChat-master/ChatProjectOOP/src/Subject.java</file>
            <file>file:/C:/Users/User/Desktop/Java-AppChat-master/ChatProjectOOP/src/test.java</file>
            <file>file:/C:/Users/User/Desktop/Java-AppChat-master/ChatProjectOOP/src/ALL_SERVER.java</file>
            <file>file:/C:/Users/User/Desktop/Java-AppChat-master/ChatProjectOOP/src/My_CNK.java</file>
            <file>file:/C:/Users/User/Desktop/Java-AppChat-master/ChatProjectOOP/src/LoginForm.java</file>
            <file>file:/C:/Users/User/Desktop/Java-AppChat-master/ChatProjectOOP/src/RegisterForm.java</file>
            <file>file:/C:/Users/User/Desktop/Java-AppChat-master/ChatProjectOOP/src/getdata.java</file>
        </group>
    </open-files>
</project-private>
