<?xml version="1.0" encoding="UTF-8"?>
<project-private xmlns="http://www.netbeans.org/ns/project-private/1">
    <editor-bookmarks xmlns="http://www.netbeans.org/ns/editor-bookmarks/2" lastBookmarkId="0"/>
    <open-files xmlns="http://www.netbeans.org/ns/projectui-open-files/2">
        <group>
            <file>file:/C:/Users/kit/Desktop/Telechat2/src/userChat/Main.java</file>
            <file>file:/C:/Users/kit/Desktop/Telechat2/src/Subject.java</file>
            <file>file:/C:/Users/kit/Desktop/Telechat2/src/userChat/ClientGUI.java</file>
            <file>file:/C:/Users/kit/Desktop/Telechat2/src/ALL_SERVER.java</file>
            <file>file:/C:/Users/kit/Desktop/Telechat2/src/userChat/MainFrame.java</file>
        </group>
    </open-files>
</project-private>
